-- MySQL dump 10.16  Distrib 10.2.14-MariaDB, for Win64 (AMD64)
--
-- Host: 127.0.0.1    Database: atlas
-- ------------------------------------------------------
-- Server version	10.2.14-MariaDB

/*!40101 SET @OLD_CHARACTER_SET_CLIENT=@@CHARACTER_SET_CLIENT */;
/*!40101 SET @OLD_CHARACTER_SET_RESULTS=@@CHARACTER_SET_RESULTS */;
/*!40101 SET @OLD_COLLATION_CONNECTION=@@COLLATION_CONNECTION */;
/*!40101 SET NAMES utf8 */;
/*!40103 SET @OLD_TIME_ZONE=@@TIME_ZONE */;
/*!40103 SET TIME_ZONE='+00:00' */;
/*!40014 SET @OLD_UNIQUE_CHECKS=@@UNIQUE_CHECKS, UNIQUE_CHECKS=0 */;
/*!40014 SET @OLD_FOREIGN_KEY_CHECKS=@@FOREIGN_KEY_CHECKS, FOREIGN_KEY_CHECKS=0 */;
/*!40101 SET @OLD_SQL_MODE=@@SQL_MODE, SQL_MODE='NO_AUTO_VALUE_ON_ZERO' */;
/*!40111 SET @OLD_SQL_NOTES=@@SQL_NOTES, SQL_NOTES=0 */;

--
-- Table structure for table `company_infos`
--

DROP TABLE IF EXISTS `company_infos`;
/*!40101 SET @saved_cs_client     = @@character_set_client */;
/*!40101 SET character_set_client = utf8 */;
CREATE TABLE `company_infos` (
  `id` int(11) NOT NULL AUTO_INCREMENT,
  `company_code` varchar(255) NOT NULL,
  `company_name` varchar(255) NOT NULL,
  `company_name_la` varchar(255) NOT NULL,
  `established_date` date DEFAULT curdate(),
  PRIMARY KEY (`id`),
  UNIQUE KEY `company_infos_id_uindex` (`id`),
  UNIQUE KEY `company_infos_company_name_uindex` (`company_name`),
  UNIQUE KEY `company_infos_company_name_la_uindex` (`company_name_la`),
  UNIQUE KEY `company_infos_company_code_uindex` (`company_code`)
) ENGINE=InnoDB AUTO_INCREMENT=2 DEFAULT CHARSET=utf8;
/*!40101 SET character_set_client = @saved_cs_client */;

--
-- Dumping data for table `company_infos`
--

LOCK TABLES `company_infos` WRITE;
/*!40000 ALTER TABLE `company_infos` DISABLE KEYS */;
INSERT INTO `company_infos` (`id`, `company_code`, `company_name`, `company_name_la`, `established_date`) VALUES (1,'LETTER-P','LETTER-P ','LETTER-P RESTAURANT ','2018-10-22');
/*!40000 ALTER TABLE `company_infos` ENABLE KEYS */;
UNLOCK TABLES;

--
-- Table structure for table `currency_code`
--

DROP TABLE IF EXISTS `currency_code`;
/*!40101 SET @saved_cs_client     = @@character_set_client */;
/*!40101 SET character_set_client = utf8 */;
CREATE TABLE `currency_code` (
  `id` int(11) NOT NULL AUTO_INCREMENT,
  `curr_code` varchar(3) NOT NULL,
  `curr_name` varchar(20) NOT NULL,
  `sign` char(1) NOT NULL,
  `country` varchar(255) DEFAULT NULL,
  `curr_name_la` varchar(255) NOT NULL,
  PRIMARY KEY (`id`),
  UNIQUE KEY `currency_code_id_uindex` (`id`),
  UNIQUE KEY `currency_code_curr_name_uindex` (`curr_name`),
  UNIQUE KEY `currency_code_curr_code_uindex` (`curr_code`)
) ENGINE=InnoDB AUTO_INCREMENT=5 DEFAULT CHARSET=utf8;
/*!40101 SET character_set_client = @saved_cs_client */;

--
-- Dumping data for table `currency_code`
--

LOCK TABLES `currency_code` WRITE;
/*!40000 ALTER TABLE `currency_code` DISABLE KEYS */;
INSERT INTO `currency_code` (`id`, `curr_code`, `curr_name`, `sign`, `country`, `curr_name_la`) VALUES (1,'418','LAK','₭','Laos','ກິບ'),(2,'840','USD','$','USA','ໂດລາ'),(4,'764','THB','฿','Thailand','ບາດ');
/*!40000 ALTER TABLE `currency_code` ENABLE KEYS */;
UNLOCK TABLES;

--
-- Table structure for table `customers`
--

DROP TABLE IF EXISTS `customers`;
/*!40101 SET @saved_cs_client     = @@character_set_client */;
/*!40101 SET character_set_client = utf8 */;
CREATE TABLE `customers` (
  `id` int(11) NOT NULL AUTO_INCREMENT,
  `id_card_no` varchar(16) DEFAULT NULL,
  `gender` char(1) NOT NULL COMMENT 'M as male, F as Female',
  `fullname` varchar(255) NOT NULL COMMENT 'format as "Name Surname"',
  `DateofBirth` date NOT NULL,
  `current_address` varchar(2000) NOT NULL,
  `mobile` varchar(15) NOT NULL,
  `photo` varchar(2000) DEFAULT NULL,
  `created_at` datetime DEFAULT current_timestamp(),
  `updated_at` datetime DEFAULT current_timestamp(),
  `enabled` tinyint(1) DEFAULT 1,
  PRIMARY KEY (`id`),
  UNIQUE KEY `customers_id_uindex` (`id`),
  UNIQUE KEY `customers_fullname_uindex` (`fullname`),
  UNIQUE KEY `customers_mobile_uindex` (`mobile`),
  UNIQUE KEY `customers_id_card_no_uindex` (`id_card_no`)
) ENGINE=InnoDB AUTO_INCREMENT=3 DEFAULT CHARSET=utf8;
/*!40101 SET character_set_client = @saved_cs_client */;

--
-- Dumping data for table `customers`
--

LOCK TABLES `customers` WRITE;
/*!40000 ALTER TABLE `customers` DISABLE KEYS */;
INSERT INTO `customers` (`id`, `id_card_no`, `gender`, `fullname`, `DateofBirth`, `current_address`, `mobile`, `photo`, `created_at`, `updated_at`, `enabled`) VALUES (1,'1234567890','M','Soulisack SAYYALINH','1985-02-10','Dongdok','+8562055588857','http://www.fujifilm.co.th/Products/digital_cameras/x/fujifilm_x20/sample_images/img/index/ff_x20_008.JPG','2018-10-15 14:33:15','2018-10-15 14:33:15',1);
/*!40000 ALTER TABLE `customers` ENABLE KEYS */;
UNLOCK TABLES;

--
-- Table structure for table `discounts`
--

DROP TABLE IF EXISTS `discounts`;
/*!40101 SET @saved_cs_client     = @@character_set_client */;
/*!40101 SET character_set_client = utf8 */;
CREATE TABLE `discounts` (
  `id` int(11) NOT NULL AUTO_INCREMENT,
  `food_id` int(11) NOT NULL,
  `discount_percentage` float NOT NULL,
  `created_at` datetime DEFAULT current_timestamp(),
  `updated_at` datetime DEFAULT current_timestamp(),
  `valid_until` date DEFAULT NULL,
  `status` varchar(10) DEFAULT NULL,
  PRIMARY KEY (`id`),
  UNIQUE KEY `discounts_id_uindex` (`id`),
  UNIQUE KEY `discounts_food_id_uindex` (`food_id`)
) ENGINE=InnoDB AUTO_INCREMENT=14 DEFAULT CHARSET=utf8;
/*!40101 SET character_set_client = @saved_cs_client */;

--
-- Dumping data for table `discounts`
--

LOCK TABLES `discounts` WRITE;
/*!40000 ALTER TABLE `discounts` DISABLE KEYS */;
INSERT INTO `discounts` (`id`, `food_id`, `discount_percentage`, `created_at`, `updated_at`, `valid_until`, `status`) VALUES (11,6,10,'2018-11-12 00:59:50','2018-11-12 00:59:50','2018-11-20','VALID'),(12,9,5,'2018-11-12 01:02:27','2018-11-12 01:02:27','2018-11-25','VALID'),(13,7,10,'2018-11-12 01:08:52','2018-11-12 01:08:52','2018-11-28','VALID');
/*!40000 ALTER TABLE `discounts` ENABLE KEYS */;
UNLOCK TABLES;

--
-- Table structure for table `food_types`
--

DROP TABLE IF EXISTS `food_types`;
/*!40101 SET @saved_cs_client     = @@character_set_client */;
/*!40101 SET character_set_client = utf8 */;
CREATE TABLE `food_types` (
  `id` int(11) NOT NULL AUTO_INCREMENT,
  `food_type` varchar(4) NOT NULL,
  `food_type_desc` varchar(255) NOT NULL,
  `food_type_desc_la` varchar(255) NOT NULL,
  PRIMARY KEY (`id`),
  UNIQUE KEY `food_types_id_uindex` (`id`),
  UNIQUE KEY `food_types_food_type_uindex` (`food_type`),
  UNIQUE KEY `food_types_food_type_desc_uindex` (`food_type_desc`)
) ENGINE=InnoDB AUTO_INCREMENT=12 DEFAULT CHARSET=utf8;
/*!40101 SET character_set_client = @saved_cs_client */;

--
-- Dumping data for table `food_types`
--

LOCK TABLES `food_types` WRITE;
/*!40000 ALTER TABLE `food_types` DISABLE KEYS */;
INSERT INTO `food_types` (`id`, `food_type`, `food_type_desc`, `food_type_desc_la`) VALUES (2,'DRNK','DRINK','ເຄື່ອງດື່ມ'),(10,'ICE','BINGZU','ບິງຊູ');
/*!40000 ALTER TABLE `food_types` ENABLE KEYS */;
UNLOCK TABLES;

--
-- Table structure for table `foods`
--

DROP TABLE IF EXISTS `foods`;
/*!40101 SET @saved_cs_client     = @@character_set_client */;
/*!40101 SET character_set_client = utf8 */;
CREATE TABLE `foods` (
  `id` int(11) NOT NULL AUTO_INCREMENT,
  `food_name` varchar(255) NOT NULL,
  `photo` varchar(2000) NOT NULL,
  `food_type_id` int(11) NOT NULL,
  `cost` double NOT NULL,
  `price` double NOT NULL,
  `currcode` varchar(3) NOT NULL,
  `enabled` tinyint(1) DEFAULT 1,
  `created_at` datetime DEFAULT current_timestamp(),
  `updated_at` datetime DEFAULT current_timestamp(),
  `created_by` varchar(255) NOT NULL,
  PRIMARY KEY (`id`),
  UNIQUE KEY `foods_id_uindex` (`id`),
  UNIQUE KEY `foods_food_name_uindex` (`food_name`)
) ENGINE=InnoDB AUTO_INCREMENT=39 DEFAULT CHARSET=utf8;
/*!40101 SET character_set_client = @saved_cs_client */;

--
-- Dumping data for table `foods`
--

LOCK TABLES `foods` WRITE;
/*!40000 ALTER TABLE `foods` DISABLE KEYS */;
INSERT INTO `foods` (`id`, `food_name`, `photo`, `food_type_id`, `cost`, `price`, `currcode`, `enabled`, `created_at`, `updated_at`, `created_by`) VALUES (6,'ຊາໄຂ່ມຸກ','https://www.studio7thailand.com/wp-content/uploads/2017/11/iPhone-X-01.png',2,8000,12000,'418',1,'2018-10-16 08:32:10','2018-10-15 16:45:57','ADMIN'),(7,'ກະເພົາໄກ່','https://www.studio7thailand.com/wp-content/uploads/2017/11/iPhone-X-01.png',1,10000,15000,'418',1,'2018-10-16 08:32:11','2018-10-15 16:46:25','ADMIN'),(9,'ຜັກກາດນາໝູກອບ','https://www.studio7thailand.com/wp-content/uploads/2017/11/iPhone-X-01.png',1,10000,15000,'418',1,'2018-10-16 08:32:12','2018-10-15 16:46:39','ADMIN'),(17,'Balopfee','https://www.studio7thailand.com/wp-content/uploads/2017/11/iPhone-X-01.png',2,8000,12000,'418',1,'2018-10-16 08:32:13','2018-10-16 13:55:05','ADMIN'),(19,'Coffee','https://www.studio7thailand.com/wp-content/uploads/2017/11/iPhone-X-01.png',2,8000,15000,'418',1,'2018-10-16 08:32:14','2018-10-16 15:31:37','ADMIN'),(21,'ເຂົ້າໄກ່ທອດ','https://www.studio7thailand.com/wp-content/uploads/2017/11/iPhone-X-01.png',1,10000,15000,'418',1,'2018-11-02 15:30:31','2018-11-02 15:30:31','undefined'),(34,'ໄຂ່ຈ່ຽວ','https://www.studio7thailand.com/wp-content/uploads/2017/11/iPhone-X-01.png',1,8000,10000,'418',1,'2018-11-02 16:33:54','2018-11-02 16:33:54','ADMIN'),(35,'ທອດລູກຊີ້ນ','https://www.studio7thailand.com/wp-content/uploads/2017/11/iPhone-X-01.png',1,10000,15000,'418',1,'2018-11-05 12:15:52','2018-11-05 12:15:52','ADMIN'),(38,'cookie','http://localhost:5000/images/uploads/foods/19721.jpg',1,12000,15000,'418',1,'2018-11-05 16:34:04','2018-11-05 16:34:04','ADMIN');
/*!40000 ALTER TABLE `foods` ENABLE KEYS */;
UNLOCK TABLES;

--
-- Table structure for table `menus`
--

DROP TABLE IF EXISTS `menus`;
/*!40101 SET @saved_cs_client     = @@character_set_client */;
/*!40101 SET character_set_client = utf8 */;
CREATE TABLE `menus` (
  `id` int(11) NOT NULL AUTO_INCREMENT,
  `menu_name` varchar(255) NOT NULL,
  `menu_link` varchar(255) NOT NULL,
  `menu_icon` varchar(255) NOT NULL,
  `enabled` tinyint(1) DEFAULT 1,
  PRIMARY KEY (`id`),
  UNIQUE KEY `menus_id_uindex` (`id`),
  UNIQUE KEY `menus_menu_name_uindex` (`menu_name`)
) ENGINE=InnoDB AUTO_INCREMENT=8 DEFAULT CHARSET=utf8;
/*!40101 SET character_set_client = @saved_cs_client */;

--
-- Dumping data for table `menus`
--

LOCK TABLES `menus` WRITE;
/*!40000 ALTER TABLE `menus` DISABLE KEYS */;
INSERT INTO `menus` (`id`, `menu_name`, `menu_link`, `menu_icon`, `enabled`) VALUES (1,'Home','/','home',1),(2,'Sales','/sale','shopping_cart',1),(3,'Terminals','/terminal','dns',1),(4,'POS','pos','credit_card',1),(5,'Food','food','fastfood',1),(6,'Reports','report','report',1),(7,'Administrator','administrator','settings',1);
/*!40000 ALTER TABLE `menus` ENABLE KEYS */;
UNLOCK TABLES;

--
-- Table structure for table `orders`
--

DROP TABLE IF EXISTS `orders`;
/*!40101 SET @saved_cs_client     = @@character_set_client */;
/*!40101 SET character_set_client = utf8 */;
CREATE TABLE `orders` (
  `id` int(11) NOT NULL AUTO_INCREMENT,
  `order_id` varchar(20) NOT NULL,
  `transaction_id` varchar(20) NOT NULL,
  `order_date` datetime NOT NULL DEFAULT current_timestamp(),
  `customer_id` int(11) NOT NULL,
  `recipt_printed` tinyint(1) NOT NULL,
  PRIMARY KEY (`id`),
  UNIQUE KEY `orders_id_uindex` (`id`),
  UNIQUE KEY `orders_order_id_uindex` (`order_id`),
  UNIQUE KEY `orders_transaction_id_uindex` (`transaction_id`)
) ENGINE=InnoDB DEFAULT CHARSET=utf8;
/*!40101 SET character_set_client = @saved_cs_client */;

--
-- Dumping data for table `orders`
--

LOCK TABLES `orders` WRITE;
/*!40000 ALTER TABLE `orders` DISABLE KEYS */;
/*!40000 ALTER TABLE `orders` ENABLE KEYS */;
UNLOCK TABLES;

--
-- Table structure for table `roles`
--

DROP TABLE IF EXISTS `roles`;
/*!40101 SET @saved_cs_client     = @@character_set_client */;
/*!40101 SET character_set_client = utf8 */;
CREATE TABLE `roles` (
  `id` int(11) NOT NULL AUTO_INCREMENT,
  `role_code` varchar(20) NOT NULL,
  `role_name` varchar(20) NOT NULL,
  `enabled` tinyint(1) NOT NULL DEFAULT 1,
  `created_at` datetime DEFAULT current_timestamp(),
  `updated_at` datetime DEFAULT current_timestamp(),
  PRIMARY KEY (`id`),
  UNIQUE KEY `roles_id_uindex` (`id`),
  UNIQUE KEY `roles_role_code_uindex` (`role_code`),
  UNIQUE KEY `roles_role_name_uindex` (`role_name`)
) ENGINE=InnoDB AUTO_INCREMENT=6 DEFAULT CHARSET=utf8;
/*!40101 SET character_set_client = @saved_cs_client */;

--
-- Dumping data for table `roles`
--

LOCK TABLES `roles` WRITE;
/*!40000 ALTER TABLE `roles` DISABLE KEYS */;
INSERT INTO `roles` (`id`, `role_code`, `role_name`, `enabled`, `created_at`, `updated_at`) VALUES (1,'ADMIN','ADMINISTRATOR',1,'2018-10-07 01:37:02','2018-10-07 01:37:02'),(2,'GUEST','GUEST',1,'2018-10-07 01:37:13','2018-10-07 01:37:13'),(3,'CHEF','Chef',1,'2018-10-07 01:38:06','2018-10-07 01:38:06'),(5,'STAFF','STAFF',1,'2018-10-07 01:38:44','2018-10-07 01:38:44');
/*!40000 ALTER TABLE `roles` ENABLE KEYS */;
UNLOCK TABLES;

--
-- Table structure for table `sales`
--

DROP TABLE IF EXISTS `sales`;
/*!40101 SET @saved_cs_client     = @@character_set_client */;
/*!40101 SET character_set_client = utf8 */;
CREATE TABLE `sales` (
  `id` int(11) NOT NULL AUTO_INCREMENT,
  `sale_date` datetime DEFAULT current_timestamp(),
  `food_id` int(11) NOT NULL,
  `transaction_id` varchar(30) NOT NULL,
  `quantity` double NOT NULL DEFAULT 0,
  `price` double NOT NULL DEFAULT 0,
  `total` double GENERATED ALWAYS AS (`quantity` * `price`) VIRTUAL,
  `discount_percentage` float NOT NULL DEFAULT 0,
  `discount` float GENERATED ALWAYS AS (`total` * `discount_percentage`) VIRTUAL,
  `grand_total` double GENERATED ALWAYS AS (`total` - `discount`) VIRTUAL,
  `user_id` varchar(20) NOT NULL,
  PRIMARY KEY (`id`),
  UNIQUE KEY `sales_id_uindex` (`id`),
  UNIQUE KEY `sales_transaction_id_uindex` (`transaction_id`)
) ENGINE=InnoDB AUTO_INCREMENT=23 DEFAULT CHARSET=utf8;
/*!40101 SET character_set_client = @saved_cs_client */;

--
-- Dumping data for table `sales`
--

LOCK TABLES `sales` WRITE;
/*!40000 ALTER TABLE `sales` DISABLE KEYS */;
/*!40000 ALTER TABLE `sales` ENABLE KEYS */;
UNLOCK TABLES;

--
-- Table structure for table `tranx_role_menu`
--

DROP TABLE IF EXISTS `tranx_role_menu`;
/*!40101 SET @saved_cs_client     = @@character_set_client */;
/*!40101 SET character_set_client = utf8 */;
CREATE TABLE `tranx_role_menu` (
  `id` int(11) NOT NULL AUTO_INCREMENT,
  `role_code` varchar(20) NOT NULL,
  `menu_id` int(11) NOT NULL,
  PRIMARY KEY (`id`),
  UNIQUE KEY `tranx_role_menu_id_uindex` (`id`)
) ENGINE=InnoDB AUTO_INCREMENT=10 DEFAULT CHARSET=utf8;
/*!40101 SET character_set_client = @saved_cs_client */;

--
-- Dumping data for table `tranx_role_menu`
--

LOCK TABLES `tranx_role_menu` WRITE;
/*!40000 ALTER TABLE `tranx_role_menu` DISABLE KEYS */;
INSERT INTO `tranx_role_menu` (`id`, `role_code`, `menu_id`) VALUES (1,'ADMIN',1),(4,'ADMIN',2),(5,'ADMIN',3),(6,'ADMIN',4),(7,'ADMIN',5),(8,'ADMIN',6),(9,'ADMIN',7);
/*!40000 ALTER TABLE `tranx_role_menu` ENABLE KEYS */;
UNLOCK TABLES;

--
-- Table structure for table `users`
--

DROP TABLE IF EXISTS `users`;
/*!40101 SET @saved_cs_client     = @@character_set_client */;
/*!40101 SET character_set_client = utf8 */;
CREATE TABLE `users` (
  `id` int(11) NOT NULL AUTO_INCREMENT,
  `username` varchar(255) NOT NULL,
  `email` varchar(255) NOT NULL,
  `password` varchar(70) NOT NULL,
  `enabled` tinyint(1) NOT NULL DEFAULT 1,
  `created_at` datetime DEFAULT current_timestamp(),
  `updated_at` datetime DEFAULT current_timestamp(),
  `role_code` varchar(20) NOT NULL,
  `emp_id` varchar(20) NOT NULL,
  PRIMARY KEY (`id`),
  UNIQUE KEY `users_id_uindex` (`id`),
  UNIQUE KEY `users_username_uindex` (`username`),
  UNIQUE KEY `users_email_uindex` (`email`),
  UNIQUE KEY `users_password_uindex` (`password`),
  UNIQUE KEY `users_emp_id_uindex` (`emp_id`)
) ENGINE=InnoDB AUTO_INCREMENT=65 DEFAULT CHARSET=utf8;
/*!40101 SET character_set_client = @saved_cs_client */;

--
-- Dumping data for table `users`
--

LOCK TABLES `users` WRITE;
/*!40000 ALTER TABLE `users` DISABLE KEYS */;
INSERT INTO `users` (`id`, `username`, `email`, `password`, `enabled`, `created_at`, `updated_at`, `role_code`, `emp_id`) VALUES (64,'admin','sayyalinh@gmail.com','$2b$10$AYlGbhNUtNZk7Q1Ygp.FBu6li3s5N/xpb53Lq04tSDYRgnbCwC5IG',0,'2018-10-07 00:10:38','2018-10-07 00:10:38','ADMIN','00000000000000000001');
/*!40000 ALTER TABLE `users` ENABLE KEYS */;
UNLOCK TABLES;
/*!40103 SET TIME_ZONE=@OLD_TIME_ZONE */;

/*!40101 SET SQL_MODE=@OLD_SQL_MODE */;
/*!40014 SET FOREIGN_KEY_CHECKS=@OLD_FOREIGN_KEY_CHECKS */;
/*!40014 SET UNIQUE_CHECKS=@OLD_UNIQUE_CHECKS */;
/*!40101 SET CHARACTER_SET_CLIENT=@OLD_CHARACTER_SET_CLIENT */;
/*!40101 SET CHARACTER_SET_RESULTS=@OLD_CHARACTER_SET_RESULTS */;
/*!40101 SET COLLATION_CONNECTION=@OLD_COLLATION_CONNECTION */;
/*!40111 SET SQL_NOTES=@OLD_SQL_NOTES */;

-- Dump completed on 2018-11-12  1:22:30
